"price","size","age"
4.91995219758736,9.57449432268105,16.070032159738
3.35503206981177,2.6064566355553,12.5874774926805
0.151037427407529,3.61141497912908,9.92527152556469
11.801601587801,4.17541409772639,11.8019048469486
5.22140496035245,3.05865331776103,13.6494422051451
12.3694731642454,3.10544010954378,6.47040535084522
19.9928452340512,6.4962786805811,8.1719798970401
18.2051578635678,4.7660895482257,11.1617877196299
13.6774370630873,5.30531525256447,5.80257956655154
-8.94100311391656,9.37995621465876,13.6974755521468
6.74908168251723,5.71397246065805,10.0465225019469
-5.47308214742251,10.4335035662615,5.13712284408372
30.9084376960701,9.56290385197912,8.00360600708602
13.2279705249962,5.64804108027703,8.2754784712807
22.6442893826443,8.79213413361986,7.29432107359606
8.78768121474456,5.9353610226434,14.4747981110964
-1.96927543949308,3.21239855382911,9.58816204841857
7.88590840074747,4.38534340092561,10.3248450942334
10.6620515206058,4.99035515546486,6.89435469005447
3.97954438998626,6.97632829899989,8.6657682438348
-7.7704237219535,6.67950071924814,9.41185220293736
23.8464697150079,6.410683661811,6.19190652475147
8.38807879580604,7.61192944162338,12.8605635539522
5.2262474791702,2.2240075668143,11.4176399614776
5.97164807917144,7.54583372851047,8.32366569582799
12.7682294458344,5.36838554247153,13.7261936792094
14.5665841888329,6.50455979148007,9.95422460144154
6.03826206336348,6.18349010492545,7.62463483240093
4.17867930133956,3.03389480845796,8.79514377235788
23.1666271271561,4.44787208977599,4.30989613139185
1.92944422143988,3.25829795486282,12.9159248032747
9.53446060866015,6.43742110616849,8.45813543227741
7.055958941798,5.22130575553867,10.0436850180697
11.0412164978139,4.84306646405659,9.21719328937543
4.41181560125294,4.159019081316,14.5670751760273
-0.152530052623389,3.87574824742947,5.57989076264563
20.2129823736537,6.99502688951061,9.9503259578389
-2.2443032315543,2.78973988237347,10.0736218266448
19.1277360689399,4.71542433845083,9.99622903342155
-3.01411527208931,5.62998980977583,8.69820188012556
7.25952009802661,7.4371010690147,8.78332282951741
14.0294323728223,3.60136584262897,10.4656999566179
15.125980584103,4.42913449694255,7.08285454597248
-7.08464873253173,2.37689465478123,14.644524791228
11.6454544116738,4.21797513710148,8.88963000097985
-11.790662906798,4.19694677381006,15.8845757705781
2.38217257565555,7.70103516184591,8.17001327244676
1.86714463052092,6.18238005417844,9.76771372777598
13.9343520476822,5.20105091125714,4.51342221193635
2.9476425113157,6.86214399104019,12.4177727257489
2.76524284489174,4.47451530286694,5.56722465977435
37.9937702415488,4.98466379057467,1.08023286105498
8.10936348127079,5.73430601309127,5.98071357411586
13.9412237298659,8.41432509027521,9.20247392093051
24.554696503782,6.44748052505676,8.84801977513702
3.20614777121932,5.96207209741583,8.19117301010744
-1.71244313208794,1.8642635115495,8.04542788834621
-7.17044148722975,5.63650056696166,15.2730145278462
13.0622886622895,5.3319829013547,9.94289540443798
0.341446131524676,3.20018474074366,10.4658538373856
11.1096815318079,5.15274294772115,7.71746067741526
14.353388487487,5.31831055652546,5.35081927836925
0.886074639411032,6.0873483694194,18.2504950351856
14.8724416493673,6.40961470522609,13.1422697451235
4.61202688027429,5.63793828511422,12.7539774212912
-6.29607683768643,7.21849957794211,11.4103285240532
7.38127054851188,6.53830838931422,8.14788373649539
11.0494234027504,7.30694734955787,10.1263188181499
33.5353717718786,7.52136700536188,7.29430329613437
2.26182093799426,6.40124701314465,14.0187496294676
4.42553250815538,5.86525432169191,12.4115630503044
-0.995650400763614,3.15479656348616,10.9554359593397
4.9007303924657,3.76883158673816,9.42864008004011
-0.468391808522583,3.26668062349725,6.73819992816485
5.39129260804444,1.72096582563772,10.4361991873556
-9.68316431356155,2.34832151231318,17.3884007523033
1.35494840033307,3.22192654472406,12.770859076632
12.142787422546,3.88479533939577,12.2256300639368
-1.27385039066872,4.8751953823233,14.248065375688
13.103890801316,9.84538595431885,13.7549901107937
-0.4918270332914,5.6851707002946,16.3267170728834
24.1677101595503,5.00849647250426,12.1309378087804
13.4356968788729,5.0584396840033,5.57445397400933
9.40488620158791,4.2131531417574,8.23082054885032
1.25713531142963,3.41459087442214,10.419109739428
14.6326033960128,4.37659626940966,8.46482730011583
15.6023740152659,4.30786281643828,10.4528120534594
-7.89396078130902,4.39078482350935,11.3261181860191
-0.167499392364778,1.42821302511097,9.51280263220248
-9.38791473029531,6.17454934371594,12.9155156231079
32.0391142273309,8.27158886889318,7.98620355464129
5.06477381413032,3.70915305273121,14.9151914840955
15.026676816193,6.23798433757468,6.79518195600087
4.94599281809358,5.47278719680264,9.96576362602681
34.3026364753539,6.69300179750329,4.40415598106247
-3.02804587735235,3.85270852230061,10.0547525904988
4.30265922126519,7.23598640799234,9.25893836333739
9.76055163592743,1.91999773613396,7.24172466326755
21.5495843206533,4.12375220139983,3.48050670260046
5.99563612027496,4.6986540582071,8.05186883663944
5.65967837793523,6.03811673054591,11.575784649396
5.64565639341579,6.17507940980378,9.1728180677273
1.19392795459757,4.84133387788958,10.1641292959085
8.37624466249187,2.65127797026123,8.83525118279495
3.63709541250851,5.61744423527674,8.74893086191624
-2.63422082044371,1.79224291463301,6.5074745045351
-5.79660721276479,6.98257925010542,15.2135924052309
7.24392516857064,7.04644088940074,9.23776794943145
2.66116072807817,6.68029087776697,7.07884413025456
-13.0284476709079,5.24015721591144,13.3335968398764
-1.89783838564902,4.14748988910859,12.9204971692705
25.0602076211083,5.91785248700806,13.7713860275421
17.499318166055,6.29009589538783,15.3288627497493
28.4685279450603,6.2230610985804,1.95049443324942
-6.22196125189196,3.22157741226241,11.979589225437
-2.45778760242506,8.08778469738444,13.5383490005509
-1.64553494781264,2.51647279022991,11.1805413293864
31.1915917845341,7.20689468078257,6.43042399875903
20.4103320944036,6.96554471335115,8.93041790413405
-4.86837518375597,5.6086543480664,5.60347586816684
7.99988645338066,1.89056356760939,6.72780954371332
29.4367135636153,8.13978155280062,8.02823735310481
0.214011107152229,6.37689938656816,16.7888230118262
0.719048907229147,4.64479268209683,10.2630700884164
-11.9621672189529,6.45840253185818,12.3025690048502
21.6331899896057,8.06650186289429,8.16052760810651
-13.2237275913247,6.01315689601077,10.4575089097329
16.6447210366618,5.06665535252661,8.22487765968606
5.08283561492719,2.06489856972484,7.11788509868186
7.7223461713368,7.03831543185803,8.24512601524843
-2.19314226643617,3.81332133355312,11.970018668023
16.5298701289691,6.62481977992159,9.12925123601892
8.11775599531886,6.73233566061049,12.7122931867855
20.3264472337014,5.73661660648157,10.597060671108
14.0777533187796,7.26963819723751,9.84527557936738
6.89556988243404,3.48580143986416,7.27538446154171
9.04110483904868,5.89044113779735,6.57256498176056
-6.55704348017201,6.83186588770557,12.9709748072942
1.97968888602053,5.53951748483632,10.3368198331403
5.48113479336227,7.01508089776793,13.4488950224836
2.48543712498452,2.07713347015436,7.26851402830161
4.69300825444258,3.25042877852137,6.68854085045309
29.906041921333,5.33045787671532,5.09539808101328
29.8630850445565,5.41441405350827,5.15085251738447
20.669738264864,5.96472378158753,7.48978897753995
1.69505322162175,4.8566832503839,13.2789973467235
-6.82280266830744,3.22214314924758,13.7052945406047
-1.14045270072919,5.97188714042841,10.5161998049397
5.84129723763452,5.68099351447225,10.361479510717
-8.01084240697174,2.80415161202685,11.6725980110045
3.30819026300411,4.28861111444274,11.4741494860935
31.7088506520538,7.19460082144709,9.79296212687029
3.31676704620176,3.18661606001506,5.9476110552584
2.89864647839015,4.58508675172494,12.398072713551
11.8626405241707,6.35772286809404,9.03971776892974
0.911983823683762,3.4044245175505,8.92914643186602
1.35533255249901,1.81692212404496,8.46781618645883
23.7241801317628,7.36069624903528,4.36335975265057
33.4384682077397,7.4451385796763,7.14446473036323
6.136929042429,4.9781816268803,16.8194698447945
4.77061809751513,5.69104493149543,10.6080628899916
17.4536737827585,5.18837831609721,3.07433590638812
29.0733639751555,5.0135867357475,9.83009300998504
2.59196463613272,6.48524575619841,10.1885315261366
18.3206829979343,7.08437307232324,12.1306844121744
8.73873199547424,4.36132572353925,8.22307780806552
-7.85252717074389,5.64528679244698,10.8955738909102
-1.35090839925828,6.37010595765404,11.9276068801356
-6.16198471778056,5.64048554869021,16.3383852867224
-6.79172638495789,1.1701239519513,12.7533388994965
5.05558829795658,0.320074201202658,5.28143574137402
10.0873427313755,5.96572858715789,12.9779251942496
33.1198222854068,7.35706009476275,11.4385626138545
11.2600277876997,2.41444593299427,9.11025833375194
1.33034241008658,6.23154617048872,12.4475207041577
9.69910196983255,5.51208416177314,7.00068516082571
-0.539388168113677,6.45567800478099,11.6476308831484
7.84762429447801,7.64822183707271,10.8393136133658
9.46654230633193,5.29431698035729,12.7499076692649
12.8466290794044,3.80292121449074,4.80622822664926
30.1118349852389,9.38505985355837,5.56125679954212
1.96069445993635,9.65422559115649,16.6894330821545
15.7093244393116,7.26973919953891,11.1594968393437
-0.514473688303541,4.61823088762325,11.9807970626411
16.945723929877,5.9496891279873,9.17129437092033
14.6472488938742,3.90905012948363,10.8277989955298
28.2067716769662,7.11129708974162,3.17730639546716
17.8440469288125,5.85804366498571,12.7242572198441
1.54056552949475,1.36008717168889,6.74124067514889
7.04057131423939,3.61604782192128,9.35341985616707
-4.77584736840748,1.13634350464887,7.79971787135719
41.365084755503,7.41934402528977,10.6363535053411
17.8146697246672,4.44199990338557,7.18257428970164
8.01037766147136,2.80843354611694,8.14241909000843
3.30793334623844,4.79562791507332,10.7320334737575
9.82354969252932,5.71404591631241,11.1152301502763
12.4140267308526,3.23539486849869,11.8816246562652
17.4826758549425,4.88670441208343,6.78065822235599
7.53133779671211,3.83796209715834,7.8739218573041
-0.730914670628968,6.28817637813105,12.7213950153525
