city,year,pop,rent,avginc,pctstu,y90
1,80,75211,197,11537,20.3467578887939,0
1,90,77759,342,19568,23.1703090667725,1
2,80,106743,323,19841,21.0430660247803,0
2,90,141865,496,31885,20.9840335845947,1
3,80,36608,216,11455,32.3617782592773,0
3,90,42099,351,21202,24.3830013275147,1
4,80,36640,267,14682,37.7319869995117,0
4,90,46209,588,29044,39.3278350830078,1
5,80,62134,475,31300,13.1570472717285,0
5,90,110330,925,56307,16.5004978179932,1
6,80,118550,276,16291,10.310417175293,0
6,90,132605,630,35103,11.4565811157227,1
7,80,76685,302,16744,27.0248413085938,0
7,90,83312,521,29407,29.7784233093262,1
8,80,65092,257,15773,26.3227424621582,0
8,90,87758,422,26826,24.3590335845947,1
9,80,126109,253,11683,12.6945734024048,0
9,90,130474,568,25811,14.5714855194092,1
10,80,81371,242,12586,30.1434173583984,0
10,90,84770,383,21077,30.7030792236328,1
11,80,81548,228,11750,27.8792858123779,0
11,90,124773,444,23453,27.233455657959,1
12,80,42549,187,10018,34.9314918518066,0
12,90,45734,347,14286,40.2239036560059,1
13,80,58133,243,14894,33.5988159179688,0
13,90,63502,422,22967,33.1800575256348,1
14,80,73706,336,21715,16.5725994110107,0
14,90,73233,636,22346,20.3282680511475,1
15,80,52044,210,10933,49.4178009033203,0
15,90,60633,403,18393,49.2899894714356,1
16,80,77216,195,13459,17.6362419128418,0
16,90,71305,325,19353,22.1569309234619,1
17,80,45775,251,16104,44.7078094482422,0
17,90,47198,404,24636,45.7964324951172,1
18,80,50508,234,14417,36.2299041748047,0
18,90,59738,414,24565,39.3518371582031,1
19,80,52738,248,13180,36.6111717224121,0
19,90,65608,415,22900,34.3067932128906,1
20,80,32644,224,13030,28.345178604126,0
20,90,37712,396,21531,32.411434173584,1
21,80,40450,194,12195,21.1396789550781,0
21,90,40641,332,20043,17.4355945587158,1
22,80,219419,239,15158,11.2715854644775,0
22,90,219531,354,21898,13.3616666793823,1
23,80,95322,257,14211,24.5515193939209,0
23,90,95802,538,33140,25.431619644165,1
24,80,51392,248,15000,62.8288459777832,0
24,90,50677,451,24719,63.2318420410156,1
25,80,79722,232,14620,21.7505836486816,0
25,90,80277,403,23207,22.85959815979,1
26,80,107966,309,18316,32.9992790222168,0
26,90,109592,568,33344,32.9166374206543,1
27,80,42566,238,15367,20.1357898712158,0
27,90,48812,399,24004,24.3567161560059,1
28,80,40829,197,10983,18.1047782897949,0
28,90,41882,304,21174,20.7798099517822,1
29,80,62061,236,13651,35.7744789123535,0
29,90,69101,382,22059,32.0776824951172,1
30,80,171932,231,17094,14.5365610122681,0
30,90,191972,379,28056,15.4272499084473,1
31,80,45086,215,13593,12.5205163955688,0
31,90,62126,366,23648,14.4899072647095,1
32,80,28732,230,10294,49.3282737731934,0
32,90,29541,493,25152,55.3840408325195,1
33,80,101727,212,12511,14.3393592834473,0
33,90,101082,456,17738,17.446231842041,1
34,80,170105,210,12321,12.4270305633545,0
34,90,163860,409,21242,14.4653968811035,1
35,80,32421,256,15744,44.224422454834,0
35,90,38719,489,30489,39.6678619384766,1
36,80,100831,225,12845,14.7405061721802,0
36,90,136611,440,24354,13.5318536758423,1
37,80,150255,255,17022,10.9800004959106,0
37,90,207951,479,32451,14.0119543075562,1
38,80,35740,231,13471,29.2753219604492,0
38,90,44972,374,12206,27.728364944458,1
39,80,61383,228,17065,13.9028720855713,0
39,90,74111,355,25326,16.1082706451416,1
40,80,43765,216,16009,18.1857643127441,0
40,90,49425,367,25456,21.2321701049805,1
41,80,25728,252,13521,53.5953063964844,0
41,90,28176,393,21766,51.0860290527344,1
42,80,26164,248,13891,38.3351173400879,0
42,90,28835,401,21463,43.7350425720215,1
43,80,68020,244,15555,24.5354309082031,0
43,90,80071,362,25165,22.169075012207,1
44,80,38268,219,11102,47.2927780151367,0
44,90,36676,354,18501,40.8223342895508,1
45,80,40960,245,13621,39.23828125,0
45,90,44757,385,23212,35.4626083374023,1
46,80,105624,249,14959,18.1578044891357,0
46,90,112669,425,25369,19.0291919708252,1
47,80,564871,225,14834,10.3561697006226,0
47,90,632910,422,26651,11.6994514465332,1
48,80,36130,266,9771,67.4176559448242,0
48,90,38923,490,18257,71.2098236083984,1
49,80,101208,203,12393,17.1191997528076,0
49,90,98052,392,23216,17.6559371948242,1
50,80,175030,203,11971,13.0274810791016,0
50,90,165121,332,19923,13.0837383270264,1
51,80,32845,226,14295,19.7747001647949,0
51,90,44922,388,26394,18.2449588775635,1
52,80,37272,282,9789,60.5145950317383,0
52,90,52456,428,9262,59.5012969970703,1
53,80,173979,245,15732,13.4481744766235,0
53,90,186206,381,24130,15.210036277771,1
54,80,27149,194,11713,28.2036170959473,0
54,90,30872,346,15917,32.3594207763672,1
55,80,101261,207,12007,12.7225685119629,0
55,90,103590,353,17852,15.7428321838379,1
56,80,26844,198,12693,29.2914619445801,0
56,90,32762,328,21312,28.1789875030518,1
57,80,74108,186,12647,36.3334579467773,0
57,90,86835,336,21162,35.9716720581055,1
58,80,37312,243,13048,23.3142147064209,0
58,90,39127,493,25523,25.4862365722656,1
59,80,39916,268,13942,22.1966133117676,0
59,90,40341,469,18592,23.9384250640869,1
60,80,63684,204,12540,9.9412727355957,0
60,90,54844,311,18276,12.7871780395508,1
61,80,27605,220,10994,42.6299591064453,0
61,90,25879,355,18022,45.8673057556152,1
62,80,51509,225,14457,18.6569328308105,0
62,90,56856,352,24735,18.7139434814453,1
63,80,48347,220,13458,18.7209129333496,0
63,90,51003,344,21947,19.5302238464355,1
64,80,170616,243,16510,21.9645290374756,0
64,90,191262,472,29420,23.3193206787109,1
